1,site.admin,73.97.66.187,2020-03-19,11:19:42pm
2,site.admin,73.97.66.187,2020-03-20,07:28:53am
3,standard.user,73.97.66.187,2020-03-20,09:55:37am
4,site.admin,73.97.66.187,2020-03-20,11:13:33am
5,site.admin,73.97.66.187,2020-03-20,11:15:16am
6,site.admin,73.97.66.187,2020-03-20,11:22:54am
7,tammy.gaines,73.97.66.187,2020-03-20,11:51:56am
8,site.admin,75.87.250.57,2020-03-20,07:59:00pm
9,standard.user,75.87.250.57,2020-03-20,08:10:05pm
10,site.admin,75.87.250.57,2020-03-21,04:16:41pm
11,site.admin,75.87.250.57,2020-03-22,12:19:20pm
12,site.admin,75.87.250.57,2020-03-23,02:05:35pm
13,guest.user,75.87.250.57,2020-03-23,02:35:34pm
14,guest.user,73.109.56.239,2020-03-24,08:24:53am
15,guest.user,73.109.56.239,2020-03-24,08:28:12am
16,site.admin,75.87.250.57,2020-03-26,09:56:41am
17,site.admin,75.87.250.57,2020-03-27,09:50:42am
18,site.admin,75.87.250.57,2020-03-27,09:51:15am
19,site.admin,75.87.250.57,2020-03-27,10:04:36am
20,guest.user,75.87.250.57,2020-04-04,02:48:56pm
21,site.admin,69.166.46.141,2020-04-07,11:41:55am
22,site.admin,69.166.46.141,2020-04-08,09:19:33am
23,site.admin,69.166.46.141,2020-04-08,09:21:06am
24,site.admin,69.166.46.141,2020-04-09,02:08:09pm
25,site.admin,134.121.225.84,2020-04-13,09:52:35am
26,site.admin,75.87.250.57,2020-04-19,09:59:16am
27,site.admin,69.166.46.141,2020-04-24,09:25:18am
28,site.admin,134.121.19.40,2020-05-07,08:46:17am
29,site.admin,69.166.46.141,2020-05-13,12:59:54pm
30,site.admin,134.121.231.176,2020-06-12,07:26:25am
31,site.admin,134.121.231.176,2020-06-25,04:18:06pm
32,site.admin,134.121.231.176,2020-06-25,04:19:41pm
33,site.admin,75.87.253.224,2020-07-06,05:46:23pm
34,site.admin,134.121.225.126,2020-07-14,08:40:39am
35,site.admin,134.121.225.126,2020-07-14,12:45:25pm
36,additional.test.user,134.121.225.126,2020-07-14,12:49:56pm
37,site.admin,75.87.253.224,2020-07-19,10:44:24am
38,site.admin,69.166.46.148,2020-07-21,10:04:47am
39,site.admin,134.121.19.18,2020-07-22,01:08:20pm
40,site.admin,134.121.231.176,2020-08-26,04:25:45pm
41,site.admin,69.166.59.253,2020-10-08,02:43:45pm
42,site.admin,134.121.19.36,2020-10-15,10:13:19am
